model,r2,mae
Ridge (text only),0.2376184204220177,2.01988278654233
Ridge (text + structure),0.2337028444936246,2.0190748450036295
RF (text + structure),0.0022619555007685754,2.4659606601869646
