label,importance,std
Generic Available,0.00019999999999998464,0.001231079020841288
Adverse Event Volume,0.0005333333333333146,0.0009092121131323645
Clinical Trial Volume,0.0017333333333332645,0.0007423685817106816
Number of Manufacturers,0.0023999999999999356,0.001339983416149466
Injectable Drug (vs tablet),0.00829999999999992,0.0037042018183558825
Adverse Event Diversity,0.020066666666666597,0.006359245238233851
Price Variability,0.05149999999999995,0.017579185924774164
Drug Price (30-day),0.22666666666666666,0.048368952392578816
